{
    "Open": {
        "0": 0.2000772996650348,
        "1": 0.1999484668899768,
        "2": 0.1999484668899768,
        "3": 0.1999484668899768,
        "4": 0.2000772996650348
    },
    "High": {
        "0": 0.2000772996650348,
        "1": 0.1999484668899768,
        "2": 0.1999484668899768,
        "3": 0.1999484668899768,
        "4": 0.2000772996650348
    },
    "Low": {
        "0": 0.2000772996650348,
        "1": 0.1999484668899768,
        "2": 0.2000772996650348,
        "3": 0.19981963411491885,
        "4": 0.2000772996650348
    },
    "Close": {
        "0": 0.2000772996650348,
        "1": 0.1999484668899768,
        "2": 0.1999484668899768,
        "3": 0.1999484668899768,
        "4": 0.2000772996650348
    },
    "Volume": {
        "0": 0.2000772996650348,
        "1": 0.1999484668899768,
        "2": 0.1999484668899768,
        "3": 0.1999484668899768,
        "4": 0.2000772996650348
    }
}