{
    "Open": {
        "0": 0.2001132333461522,
        "1": 0.1998995855232235,
        "2": 0.20002777421698073,
        "3": 0.2000170918258343,
        "4": 0.19994231508780924
    },
    "High": {
        "0": 0.2000811861727129,
        "1": 0.2000170918258343,
        "2": 0.1999529974789557,
        "3": 0.1999529974789557,
        "4": 0.19999572704354143
    },
    "Low": {
        "0": 0.2000170918258343,
        "1": 0.20012391573729862,
        "2": 0.1998675383497842,
        "3": 0.20000640943468787,
        "4": 0.199985044652395
    },
    "Close": {
        "0": 0.20016664530188438,
        "1": 0.19991026791436994,
        "2": 0.1999316326966628,
        "3": 0.199985044652395,
        "4": 0.20000640943468787
    },
    "Volume": {
        "0": 0.20000640943468787,
        "1": 0.19999572704354143,
        "2": 0.19999572704354143,
        "3": 0.19999572704354143,
        "4": 0.20000640943468787
    }
}