{
    "Open": {
        "0": 0.20010281454825857,
        "1": 0.20010281454825857,
        "2": 0.19997429636293534,
        "3": 0.19984577817761212,
        "4": 0.19997429636293534
    },
    "High": {
        "0": 0.20010281454825857,
        "1": 0.19997429636293534,
        "2": 0.19997429636293534,
        "3": 0.19997429636293534,
        "4": 0.19997429636293534
    },
    "Low": {
        "0": 0.20010281454825857,
        "1": 0.19997429636293534,
        "2": 0.19997429636293534,
        "3": 0.19997429636293534,
        "4": 0.19997429636293534
    },
    "Close": {
        "0": 0.20010281454825857,
        "1": 0.200359850918905,
        "2": 0.1997172599922889,
        "3": 0.19984577817761212,
        "4": 0.19997429636293534
    },
    "Volume": {
        "0": 0.20010281454825857,
        "1": 0.19997429636293534,
        "2": 0.19997429636293534,
        "3": 0.19997429636293534,
        "4": 0.19997429636293534
    }
}