{
    "Open": {
        "0": 0.20003632750312522,
        "1": 0.2000042738238971,
        "2": 0.19996153558492621,
        "3": 0.2000149583836398,
        "4": 0.19998290470441166
    },
    "High": {
        "0": 0.20012180398106696,
        "1": 0.19990811278621265,
        "2": 0.2000042738238971,
        "3": 0.19996153558492621,
        "4": 0.2000042738238971
    },
    "Low": {
        "0": 0.20005769662261066,
        "1": 0.19996153558492621,
        "2": 0.20011111942132426,
        "3": 0.1998653745472418,
        "4": 0.2000042738238971
    },
    "Close": {
        "0": 0.2000042738238971,
        "1": 0.20005769662261066,
        "2": 0.2000042738238971,
        "3": 0.1999401664654408,
        "4": 0.19999358926415436
    },
    "Volume": {
        "0": 0.2000042738238971,
        "1": 0.19999358926415436,
        "2": 0.2000042738238971,
        "3": 0.19999358926415436,
        "4": 0.2000042738238971
    }
}