{
    "Open": {
        "0": 0.2000662471016893,
        "1": 0.2000662471016893,
        "2": 0.1997350115932428,
        "3": 0.2000662471016893,
        "4": 0.2000662471016893
    },
    "High": {
        "0": 0.2000662471016893,
        "1": 0.2000662471016893,
        "2": 0.1997350115932428,
        "3": 0.2000662471016893,
        "4": 0.2000662471016893
    },
    "Low": {
        "0": 0.2000662471016893,
        "1": 0.2000662471016893,
        "2": 0.1997350115932428,
        "3": 0.2000662471016893,
        "4": 0.2000662471016893
    },
    "Close": {
        "0": 0.2000662471016893,
        "1": 0.2000662471016893,
        "2": 0.1997350115932428,
        "3": 0.2000662471016893,
        "4": 0.2000662471016893
    },
    "Volume": {
        "0": 0.2000662471016893,
        "1": 0.2000662471016893,
        "2": 0.1997350115932428,
        "3": 0.2000662471016893,
        "4": 0.2000662471016893
    }
}