{
    "Open": {
        "0": 0.20026657780739754,
        "1": 0.19993335554815062,
        "2": 0.19993335554815062,
        "3": 0.19993335554815062,
        "4": 0.19993335554815062
    },
    "High": {
        "0": 0.20026657780739754,
        "1": 0.19993335554815062,
        "2": 0.19993335554815062,
        "3": 0.20059980006664446,
        "4": 0.19926691102965677
    },
    "Low": {
        "0": 0.20026657780739754,
        "1": 0.20059980006664446,
        "2": 0.19926691102965677,
        "3": 0.19993335554815062,
        "4": 0.19993335554815062
    },
    "Close": {
        "0": 0.20026657780739754,
        "1": 0.19993335554815062,
        "2": 0.19993335554815062,
        "3": 0.19993335554815062,
        "4": 0.19993335554815062
    },
    "Volume": {
        "0": 0.20026657780739754,
        "1": 0.19993335554815062,
        "2": 0.19993335554815062,
        "3": 0.19993335554815062,
        "4": 0.19993335554815062
    }
}