{
    "Open": {
        "0": 0.20039748261013582,
        "1": 0.2007287181185823,
        "2": 0.19940377608479629,
        "3": 0.19940377608479629,
        "4": 0.2000662471016893
    },
    "High": {
        "0": 0.20105995362702883,
        "1": 0.1990725405763498,
        "2": 0.2000662471016893,
        "3": 0.1997350115932428,
        "4": 0.2000662471016893
    },
    "Low": {
        "0": 0.2000662471016893,
        "1": 0.20039748261013582,
        "2": 0.19940377608479629,
        "3": 0.2000662471016893,
        "4": 0.2000662471016893
    },
    "Close": {
        "0": 0.2000662471016893,
        "1": 0.2007287181185823,
        "2": 0.19940377608479629,
        "3": 0.2000662471016893,
        "4": 0.1997350115932428
    },
    "Volume": {
        "0": 0.2000662471016893,
        "1": 0.2000662471016893,
        "2": 0.1997350115932428,
        "3": 0.2000662471016893,
        "4": 0.2000662471016893
    }
}