{
    "Open": {
        "0": 0.20026657780739754,
        "1": 0.19993335554815062,
        "2": 0.19993335554815062,
        "3": 0.20059980006664446,
        "4": 0.19926691102965677
    },
    "High": {
        "0": 0.20026657780739754,
        "1": 0.20093302232589136,
        "2": 0.19926691102965677,
        "3": 0.20059980006664446,
        "4": 0.19893368877040987
    },
    "Low": {
        "0": 0.20126624458513828,
        "1": 0.19926691102965677,
        "2": 0.20026657780739754,
        "3": 0.19993335554815062,
        "4": 0.19926691102965677
    },
    "Close": {
        "0": 0.20059980006664446,
        "1": 0.1996001332889037,
        "2": 0.2015994668443852,
        "3": 0.19860046651116295,
        "4": 0.1996001332889037
    },
    "Volume": {
        "0": 0.20026657780739754,
        "1": 0.19993335554815062,
        "2": 0.19993335554815062,
        "3": 0.19993335554815062,
        "4": 0.19993335554815062
    }
}