{
    "Open": {
        "0": 0.201,
        "1": 0.2,
        "2": 0.19933333333333333,
        "3": 0.19966666666666666,
        "4": 0.2
    },
    "High": {
        "0": 0.2,
        "1": 0.20133333333333334,
        "2": 0.19866666666666666,
        "3": 0.2,
        "4": 0.2
    },
    "Low": {
        "0": 0.20066666666666666,
        "1": 0.19966666666666666,
        "2": 0.19966666666666666,
        "3": 0.2,
        "4": 0.2
    },
    "Close": {
        "0": 0.20033333333333334,
        "1": 0.19966666666666666,
        "2": 0.2,
        "3": 0.2,
        "4": 0.2
    },
    "Volume": {
        "0": 0.2,
        "1": 0.2,
        "2": 0.2,
        "3": 0.2,
        "4": 0.2
    }
}