{
    "Open": {
        "0": 0.20033112582781457,
        "1": 0.19966887417218543,
        "2": 0.2009933774834437,
        "3": 0.1990066225165563,
        "4": 0.2
    },
    "High": {
        "0": 0.2,
        "1": 0.2,
        "2": 0.2,
        "3": 0.20033112582781457,
        "4": 0.19966887417218543
    },
    "Low": {
        "0": 0.2,
        "1": 0.20066225165562915,
        "2": 0.19966887417218543,
        "3": 0.20033112582781457,
        "4": 0.19933774834437087
    },
    "Close": {
        "0": 0.2,
        "1": 0.2,
        "2": 0.2,
        "3": 0.20033112582781457,
        "4": 0.19966887417218543
    },
    "Volume": {
        "0": 0.2,
        "1": 0.2,
        "2": 0.2,
        "3": 0.2,
        "4": 0.2
    }
}